source_relative_path	repository_path	category	legacy_pre_git	size_bytes	sha256
auxiliary_entry_work_packages/configs/build_v1.yaml	configs/entry_work_packages/build_v1.yaml	config_or_documentation	false	1065	3fbd74a5bb15cb34824852b6b60d1d117a48268465d2e0379a2700dd5c01a3d8
filter_04_crystal_packing_influence/step_01_lattice_neighbor_search/runs/step01_full_v1/executed_runner.py	legacy/filter_04/step_01/step01_full_v1/executed_runner.py	legacy_executed_source	true	25646	a981cc3c4a4e8c02c0b70b3786183b2872c6fd40204b7c4ac4b0f859e8eb8d9a
filter_04_crystal_packing_influence/step_01_lattice_neighbor_search/runs/step01_full_v2/executed_runner.py	legacy/filter_04/step_01/step01_full_v2/executed_runner.py	legacy_executed_source	true	25936	c818e22a9e462ae4bbd3eab6a192798111bab0300463c594cf8cc90f9aa9cb29
filter_04_crystal_packing_influence/step_01_lattice_neighbor_search/runs/step01_full_v3/executed_runner.py	legacy/filter_04/step_01/step01_full_v3/executed_runner.py	legacy_executed_source	true	26168	6510b7d5aaf151d2c47fa39201d8fc41760bcb56725adc5f7882cbad7ab216d7
filter_04_crystal_packing_influence/step_01_lattice_neighbor_search/runs/step01_pilot_v1/executed_runner.py	legacy/filter_04/step_01/step01_pilot_v1/executed_runner.py	legacy_executed_source	true	25646	a981cc3c4a4e8c02c0b70b3786183b2872c6fd40204b7c4ac4b0f859e8eb8d9a
filter_04_crystal_packing_influence/step_01_lattice_neighbor_search/runs/step01_pilot_v2/executed_runner.py	legacy/filter_04/step_01/step01_pilot_v2/executed_runner.py	legacy_executed_source	true	25936	c818e22a9e462ae4bbd3eab6a192798111bab0300463c594cf8cc90f9aa9cb29
filter_04_crystal_packing_influence/step_01_lattice_neighbor_search/runs/step01_pilot_v3/executed_runner.py	legacy/filter_04/step_01/step01_pilot_v3/executed_runner.py	legacy_executed_source	true	26168	6510b7d5aaf151d2c47fa39201d8fc41760bcb56725adc5f7882cbad7ab216d7
filter_04_crystal_packing_influence/step_01_lattice_neighbor_search/runs/step01_smoke_02/executed_runner.py	legacy/filter_04/step_01/step01_smoke_02/executed_runner.py	legacy_executed_source	true	25205	6a8026f8b12e934810f54eba8e1e69eec528c0a66aa20633b9e3d21e2e998fe7
filter_04_crystal_packing_influence/step_02_biological_assembly_equivalence/runs/step02_full_v1/executed_runner.py	legacy/filter_04/step_02/step02_full_v1/executed_runner.py	legacy_executed_source	true	39404	51dd2c80f8c4a2ac09ba304c95c2c7170114853898fbc3b6aaef25a852af895b
filter_04_crystal_packing_influence/step_02_biological_assembly_equivalence/runs/step02_full_v2/executed_runner.py	legacy/filter_04/step_02/step02_full_v2/executed_runner.py	legacy_executed_source	true	39812	09daff46b213ef4eb883a83fd314d3da31dbc6ac265e921d1bd165d7cd379501
filter_04_crystal_packing_influence/step_02_biological_assembly_equivalence/runs/step02_full_v3/executed_runner.py	legacy/filter_04/step_02/step02_full_v3/executed_runner.py	legacy_executed_source	true	40874	385a1f5e024aeb77a5374cca7cfe9414976f3a9c7fe1fff59190de661e18171e
filter_04_crystal_packing_influence/step_02_biological_assembly_equivalence/runs/step02_pilot_exploratory_v1/executed_runner.py	legacy/filter_04/step_02/step02_pilot_exploratory_v1/executed_runner.py	legacy_executed_source	true	37432	6dae7edc8ec6386ffbc6d490f790b3f8c20daf97864f8e045a286359b087f1ad
filter_04_crystal_packing_influence/step_02_biological_assembly_equivalence/runs/step02_pilot_v1/executed_runner.py	legacy/filter_04/step_02/step02_pilot_v1/executed_runner.py	legacy_executed_source	true	39404	51dd2c80f8c4a2ac09ba304c95c2c7170114853898fbc3b6aaef25a852af895b
filter_04_crystal_packing_influence/step_02_biological_assembly_equivalence/runs/step02_pilot_v2/executed_runner.py	legacy/filter_04/step_02/step02_pilot_v2/executed_runner.py	legacy_executed_source	true	39812	09daff46b213ef4eb883a83fd314d3da31dbc6ac265e921d1bd165d7cd379501
filter_04_crystal_packing_influence/step_02_biological_assembly_equivalence/runs/step02_pilot_v3/executed_runner.py	legacy/filter_04/step_02/step02_pilot_v3/executed_runner.py	legacy_executed_source	true	40874	385a1f5e024aeb77a5374cca7cfe9414976f3a9c7fe1fff59190de661e18171e
filter_04_crystal_packing_influence/step_02_biological_assembly_equivalence/runs/step02_smoke20_v1/executed_runner.py	legacy/filter_04/step_02/step02_smoke20_v1/executed_runner.py	legacy_executed_source	true	31489	f61652f946c91a4491322150601600180ab64d8b95ab2c6ac40ff889ae630f5e
filter_04_crystal_packing_influence/step_03_direct_ligand_crystal_contact/runs/step03_full_v1/executed_runner.py	legacy/filter_04/step_03/step03_full_v1/executed_runner.py	legacy_executed_source	true	39619	9ab4c0b4bed66f86e70a18a2935c8fe541833fb7f0bd8f95e7a9863d530df5d5
filter_04_crystal_packing_influence/step_03_direct_ligand_crystal_contact/runs/step03_full_v2/executed_runner.py	legacy/filter_04/step_03/step03_full_v2/executed_runner.py	legacy_executed_source	true	40761	35d3494514fb6cc95ad2829501ff169635c756bafe0c4b1ef34939d7808016e4
filter_04_crystal_packing_influence/step_03_direct_ligand_crystal_contact/runs/step03_pilot_v1/executed_runner.py	legacy/filter_04/step_03/step03_pilot_v1/executed_runner.py	legacy_executed_source	true	39619	9ab4c0b4bed66f86e70a18a2935c8fe541833fb7f0bd8f95e7a9863d530df5d5
filter_04_crystal_packing_influence/step_03_direct_ligand_crystal_contact/runs/step03_pilot_v2/executed_runner.py	legacy/filter_04/step_03/step03_pilot_v2/executed_runner.py	legacy_executed_source	true	40761	35d3494514fb6cc95ad2829501ff169635c756bafe0c4b1ef34939d7808016e4
filter_04_crystal_packing_influence/step_03_direct_ligand_crystal_contact/runs/step03_smoke30_v1/executed_runner.py	legacy/filter_04/step_03/step03_smoke30_v1/executed_runner.py	legacy_executed_source	true	39388	aed83fb43275a4142f5282d90402c8da06a42b94ac87ed870ac7d1e3ab1aab9f
filter_04_crystal_packing_influence/step_03_direct_ligand_crystal_contact/runs/step03_smoke30_v2/executed_runner.py	legacy/filter_04/step_03/step03_smoke30_v2/executed_runner.py	legacy_executed_source	true	39619	9ab4c0b4bed66f86e70a18a2935c8fe541833fb7f0bd8f95e7a9863d530df5d5
filter_04_crystal_packing_influence/step_04_binding_residue_mediated_crystal_contact/runs/step04_full_v1/executed_runner.py	legacy/filter_04/step_04/step04_full_v1/executed_runner.py	legacy_executed_source	true	52552	9f420f2336b666ed19d2e8ea0ca25b2760e508c5f2725c6352e7a92c289bcfe8
filter_04_crystal_packing_influence/step_04_binding_residue_mediated_crystal_contact/runs/step04_full_v2/executed_runner.py	legacy/filter_04/step_04/step04_full_v2/executed_runner.py	legacy_executed_source	true	55204	5a98a512cef5204ca279c6ba09483e6ec719675c25aed10b83ddd98045a670f9
filter_04_crystal_packing_influence/step_04_binding_residue_mediated_crystal_contact/runs/step04_pilot_v1/executed_runner.py	legacy/filter_04/step_04/step04_pilot_v1/executed_runner.py	legacy_executed_source	true	52552	9f420f2336b666ed19d2e8ea0ca25b2760e508c5f2725c6352e7a92c289bcfe8
filter_04_crystal_packing_influence/step_04_binding_residue_mediated_crystal_contact/runs/step04_pilot_v2/executed_runner.py	legacy/filter_04/step_04/step04_pilot_v2/executed_runner.py	legacy_executed_source	true	55204	5a98a512cef5204ca279c6ba09483e6ec719675c25aed10b83ddd98045a670f9
filter_04_crystal_packing_influence/step_04_binding_residue_mediated_crystal_contact/runs/step04_smoke_v1/executed_runner.py	legacy/filter_04/step_04/step04_smoke_v1/executed_runner.py	legacy_executed_source	true	51703	94434ca96fa4c29e28880dd0ef292ead0a467ec599c187943f1d243afa07c1cc
filter_04_crystal_packing_influence/step_05_final_crystal_packing_decision/runs/step05_full_v1/executed_runner.py	legacy/filter_04/step_05/step05_full_v1/executed_runner.py	legacy_executed_source	true	24236	c0d0ffdd285f9bbc3af98c84d7f2c823169287c302f0c6e40aa2ce7d32c09e4f
filter_05_equivalent_redocking_case/step_01_exact_identity_and_candidate_blocking/runs/step01_full_v1/executed_runner.py	legacy/filter_05/step_01/step01_full_v1/executed_runner.py	legacy_executed_source	true	28405	34169094cdabc4676997bdf148b28d8f645a3514ef2cee8540ccfb16d51a3a34
filter_05_equivalent_redocking_case/step_02_same_binding_site_audit/runs/step02_full_v2/executed_runner.py	legacy/filter_05/step_02/step02_full_v2/executed_runner.py	legacy_executed_source	true	22400	c359fe20eb405c5871e1e4b41d0213dfbdf230503d42dea4e34a1247ad65ce94
filter_05_equivalent_redocking_case/step_03_local_receptor_state_equivalence/runs/step03_full_v6/executed_runner.py	legacy/filter_05/step_03/step03_full_v6/executed_runner.py	legacy_executed_source	true	16085	4dd4579e5f6d00422357d05e20f05ba71de572a979b50325b69ad77701b4b923
filter_05_equivalent_redocking_case/step_04_native_ligand_pose_equivalence/runs/step04_full_v1/executed_runner.py	legacy/filter_05/step_04/step04_full_v1/executed_runner.py	legacy_executed_source	true	11756	a45dac36470c39a47faebaba3b8d008c70ce50d6eba2dc39f7d4212694a74766
filter_05_equivalent_redocking_case/step_05_strict_equivalent_grouping_and_representative_selection/runs/step05_full_v1/executed_runner.py	legacy/filter_05/step_05/step05_full_v1/executed_runner.py	legacy_executed_source	true	14295	6bbb9842e092422cab1434fa7eb3015c09c5ba35f7cc55badeb783741b1bf66a
processing_04_docking_ready_case_construction/scripts/processing4_pipeline.py.pre-portable-path-20260821T095107Z	legacy/processing_04/processing4_pipeline.py.pre-portable-path-20260821T095107Z	legacy_source	true	36392	957b3de2b54b34ee6cf7c91ceab0dd8fee94e43f4e6f639316c9a31016620df8
filter_1_protein_receptor_qualification/configs/filter_1.yaml	pipeline/filter_01/configs/filter_1.yaml	config_or_documentation	false	642	496fbbf1c464fe7eddfce061163419d7ecb3fe576e2d5018c0c0b47d009dc485
filter_1_protein_receptor_qualification/scripts/audit_filter_1_input.py	pipeline/filter_01/scripts/audit_filter_1_input.py	source	false	227	e1b5cc2b3f326566de4b0b49764dfd725a8f1857ea3837b807ed42ae64e21f88
filter_1_protein_receptor_qualification/scripts/build_filter_1_release.py	pipeline/filter_01/scripts/build_filter_1_release.py	source	false	226	cc53f2d754be18d8e953f609309ba7d3b7c1da31ee78a558f7adf4adfe7a0a93
filter_1_protein_receptor_qualification/scripts/filter1_pipeline.py	pipeline/filter_01/scripts/filter1_pipeline.py	source	false	48756	46a720df8e9355ab80f81b978883edf4cc278e4127249f3f996f95f43712c2f6
filter_1_protein_receptor_qualification/scripts/merge_filter_1_outputs.py	pipeline/filter_01/scripts/merge_filter_1_outputs.py	source	false	226	cc53f2d754be18d8e953f609309ba7d3b7c1da31ee78a558f7adf4adfe7a0a93
filter_1_protein_receptor_qualification/scripts/run_filter_1_full.py	pipeline/filter_01/scripts/run_filter_1_full.py	source	false	222	0ccf88acacc82479a71821c81483c4e7baa8ce9dd5452e893500e827a759c810
filter_1_protein_receptor_qualification/scripts/semantic_spotcheck_filter_1.py	pipeline/filter_01/scripts/semantic_spotcheck_filter_1.py	source	false	227	abcde8747574d8e1d644944d7ba75f468ed0f25837c0d9db86f254f3dc50fcc6
filter_1_protein_receptor_qualification/scripts/validate_filter_1_release.py	pipeline/filter_01/scripts/validate_filter_1_release.py	source	false	226	c906bf70edf45cb8a2f8d2ca41246718d9f159565922afc614a12967a4e97150
filter_2_ligand_qualification/scripts/audit_filter_2_inputs.py	pipeline/filter_02/legacy_v1/scripts/audit_filter_2_inputs.py	source	true	210	833e71db38f6bb0bff9f8f54c7e4e6292e782dcb33f5dd06285e20671804b954
filter_2_ligand_qualification/scripts/build_filter_2_release.py	pipeline/filter_02/legacy_v1/scripts/build_filter_2_release.py	source	true	213	5beabd9aabedc0fe74106ab609e6859a9d90b30fd39d705f1c732e6e9f12b87f
filter_2_ligand_qualification/scripts/filter2_finalize_streaming.py	pipeline/filter_02/legacy_v1/scripts/filter2_finalize_streaming.py	source	true	25673	f1986984c0f6ae62ed929d1be066230bd4ab6a903c7ca8cef37197e00ce3675e
filter_2_ligand_qualification/scripts/filter2_pipeline.py	pipeline/filter_02/legacy_v1/scripts/filter2_pipeline.py	source	true	56461	f9c4ea6e975853a103dbf81d8c5dceddcf63376725f0d21c545675ade60c3644
filter_2_ligand_qualification/scripts/filter2_targeted_correction_5dgf.py	pipeline/filter_02/legacy_v1/scripts/filter2_targeted_correction_5dgf.py	source	true	3464	c03b01941ed88ce6a19d818058b1d0c641c626d57f0b07bf5e8f9e5c2fd7c15f
filter_2_ligand_qualification/scripts/prepare_filter_2_references.py	pipeline/filter_02/legacy_v1/scripts/prepare_filter_2_references.py	source	true	223	1dbf7ad46673e5a6a364bfe02342fd54aad1308b8e3189a74e38f24ccb7477d9
filter_2_ligand_qualification/scripts/run_filter_2_full.py	pipeline/filter_02/legacy_v1/scripts/run_filter_2_full.py	source	true	209	915279c0c50bbd75b83ee7f8cf4f22a8120eca826be0ca449122a9fd70889d89
filter_2_ligand_qualification/scripts/run_filter_2_preflight.py	pipeline/filter_02/legacy_v1/scripts/run_filter_2_preflight.py	source	true	214	098ffda0bfc7974231127471e5b097e0e2925b8830b80a54d9ef8038aa85d63e
filter_2_ligand_qualification/scripts/validate_filter_2_release.py	pipeline/filter_02/legacy_v1/scripts/validate_filter_2_release.py	source	true	213	71ad1bfb6cfcefc9688151cce27501abd79a9cc208302c00d6d88db79abd086c
filter_2_ligand_qualification_v2/scripts/audit_filter_2_v2_inputs.py	pipeline/filter_02/legacy_v2/scripts/audit_filter_2_v2_inputs.py	source	true	220	0a5cce89e3534f15ee279f05f38d9cb9b171e1044f13f54850f00abc7b8d952e
filter_2_ligand_qualification_v2/scripts/check_filter2_full_batches.py	pipeline/filter_02/legacy_v2/scripts/check_filter2_full_batches.py	source	true	2283	6c6f49cc4bf22d8b0d763c6b4bbd7b8218cc75a02783eb2b14ca348f8a575dac
filter_2_ligand_qualification_v2/scripts/filter2_v2_pipeline.py	pipeline/filter_02/legacy_v2/scripts/filter2_v2_pipeline.py	source	true	73231	b0f864a60b9e4824390ba1bb03f49ed950dc24bb505a0a36ac5b8f56d3ac96d2
filter_2_ligand_qualification_v2/scripts/finalize_filter_2_v2.py	pipeline/filter_02/legacy_v2/scripts/finalize_filter_2_v2.py	source	true	219	b50676752c23269db6a1f1e152463c192ea074c16c7e27d0e6bc294d598afce6
filter_2_ligand_qualification_v2/scripts/launch_filter2_v2_full.sh	pipeline/filter_02/legacy_v2/scripts/launch_filter2_v2_full.sh	source	true	384	48a4673d9a8bfbafd03ae65c6ff8c5a0b641281440abae209ffc9209701c28ac
filter_2_ligand_qualification_v2/scripts/prepare_filter_2_v2_references.py	pipeline/filter_02/legacy_v2/scripts/prepare_filter_2_v2_references.py	source	true	229	dc0869d5d80d5b7cc52bf3799ea796a78851e655ff7c284d099ff01f59ba7b01
filter_2_ligand_qualification_v2/scripts/run_filter_2_v2_full.py	pipeline/filter_02/legacy_v2/scripts/run_filter_2_v2_full.py	source	true	219	e40c184674500ba05c013594447aac0e174242e30f58ae15359239cc909c0926
filter_2_ligand_qualification_v2/scripts/run_filter_2_v2_smoke.py	pipeline/filter_02/legacy_v2/scripts/run_filter_2_v2_smoke.py	source	true	220	9fdd65c373d94981c8d7c2f5896b2e124e27011cbb5af265023f64a6d18beda1
filter_2_ligand_qualification_v2/scripts/test_filter_2_v2.py	pipeline/filter_02/legacy_v2/scripts/test_filter_2_v2.py	source	true	219	e3246470a753e07a71d3c0caacef8da889b22b843693bc14ded9a117b52f9db0
filter_2_ligand_qualification_v2/scripts/validate_filter_2_v2.py	pipeline/filter_02/legacy_v2/scripts/validate_filter_2_v2.py	source	true	219	1c3c3a065c8e044f1b5aa4201b26cf5d91a20089e3eb36ea47628c589f41d6f9
filter_2_ligand_qualification_v3/config/filter_2_v3.yaml	pipeline/filter_02/v3/config/filter_2_v3.yaml	config_or_documentation	false	514	fe6f29ecf753b827802d2f630ded42d3c5fbeb6e0b41f527fc320220f7e81f11
filter_2_ligand_qualification_v3/config/metal_elements_v1.yaml	pipeline/filter_02/v3/config/metal_elements_v1.yaml	config_or_documentation	false	707	7df0a267a5b43a155af82caa145ae75c22dddb2c7e8d4269e070a97231352f0b
filter_2_ligand_qualification_v3/scripts/correct_v3_premature_freeze.py	pipeline/filter_02/v3/scripts/correct_v3_premature_freeze.py	source	false	2372	2d9428013bffcf082d6bc04f84d35c19279d1bd3383ec4f6256988342100932d
filter_2_ligand_qualification_v3/scripts/filter2_v3_pipeline.py	pipeline/filter_02/v3/scripts/filter2_v3_pipeline.py	source	false	48987	9d4631347180bad01191da35228269e5c5029e9e8122f6163897a70eff5b8e50
filter_2_ligand_qualification_v3/scripts/launch_filter2_v3_finalize.sh	pipeline/filter_02/v3/scripts/launch_filter2_v3_finalize.sh	source	false	298	cfaf7a3efca45e4b3ed1da7508cd8fa967708efdd0d9303695eb2dfd60a27633
filter_2_ligand_qualification_v3/scripts/launch_filter2_v3_full.sh	pipeline/filter_02/v3/scripts/launch_filter2_v3_full.sh	source	false	293	8f10f9f505bfe4c63dfe2d5d8f2fc40cdd46134e5ff383e65c08978872ada798
filter_03_ground_truth_structure_quality/config/filter3_v1.yaml	pipeline/filter_03/legacy_v1/config/filter3_v1.yaml	config_or_documentation	true	2226	e1bdf2b391016e233e60546695241654fd149bfbb59ec8c762c0e4b2e97f46a0
filter_03_ground_truth_structure_quality/scripts/filter3_finalize.py	pipeline/filter_03/legacy_v1/scripts/filter3_finalize.py	source	true	13678	21779dcec4b0286d9ef64b8913ca4b45a009eaab9fe4af3b8d78a53ab945fe06
filter_03_ground_truth_structure_quality/scripts/filter3_parse_validation.py	pipeline/filter_03/legacy_v1/scripts/filter3_parse_validation.py	source	true	11606	579a5f701c8b5296a169b5f91ba3e011b9619a81219842c5d6c0a87e9cf93e97
filter_03_ground_truth_structure_quality/scripts/filter3_partition_validation.py	pipeline/filter_03/legacy_v1/scripts/filter3_partition_validation.py	source	true	4251	39df3895d72a689efc0d23c45d01a10bd83ac657debb23a7d8952550fdbec33c
filter_03_ground_truth_structure_quality/scripts/filter3_pipeline.py	pipeline/filter_03/legacy_v1/scripts/filter3_pipeline.py	source	true	14614	94ac63dfcc28313ecbcf20cd4aaf31d423c2ec6ec34f0e94431b4dea148fc1c0
filter_03_ground_truth_structure_quality/scripts/filter3_posebusters.py	pipeline/filter_03/legacy_v1/scripts/filter3_posebusters.py	source	true	11147	2942321ec8337510b03288b9e804ff8238078282829ee6b2cbb8fb89ee0e096a
filter_03_ground_truth_structure_quality/scripts/filter3_quality_pipeline.py	pipeline/filter_03/legacy_v1/scripts/filter3_quality_pipeline.py	source	true	39882	4d9750531ffc6a99b10be5a75fd69998c54a1c6301687338a888ae672f4ee667
filter_03_ground_truth_structure_quality/scripts/launch_filter3_bucket0.sh	pipeline/filter_03/legacy_v1/scripts/launch_filter3_bucket0.sh	source	true	266	d84fd2563b5127d6b2693cfc65530ea622bd91e35b963b88589d69d652f02548
filter_03_ground_truth_structure_quality/scripts/launch_filter3_download.sh	pipeline/filter_03/legacy_v1/scripts/launch_filter3_download.sh	source	true	321	e2fb101172a0b61ab7ace6a5260c835107ab3d0eeab4476e4a88fe48005c9f73
filter_03_ground_truth_structure_quality/scripts/launch_filter3_finalize_after_posebusters.sh	pipeline/filter_03/legacy_v1/scripts/launch_filter3_finalize_after_posebusters.sh	source	true	601	766152232fa6e16c63f67f006baa4354290345ff9fc7589c840f6deb934ffc64
filter_03_ground_truth_structure_quality/scripts/launch_filter3_parse.sh	pipeline/filter_03/legacy_v1/scripts/launch_filter3_parse.sh	source	true	317	ff0b6982cf22057ab9a26ee4c79db598b64f5865e192e45dc18ed73a0eade7e6
filter_03_ground_truth_structure_quality/scripts/launch_filter3_partition.sh	pipeline/filter_03/legacy_v1/scripts/launch_filter3_partition.sh	source	true	311	594b5d6df69755661dfd26b9097afa140b863aae274f86242346609182fbcbd7
filter_03_ground_truth_structure_quality/scripts/launch_filter3_posebusters_after_quality.sh	pipeline/filter_03/legacy_v1/scripts/launch_filter3_posebusters_after_quality.sh	source	true	649	2ec26ac01143dfed4f3af460d5fdc0c84b4d306d0f1ea440a9010d4c4e9a1f96
filter_03_ground_truth_structure_quality/scripts/launch_filter3_quality_full.sh	pipeline/filter_03/legacy_v1/scripts/launch_filter3_quality_full.sh	source	true	279	c55787d7666a146fb8712dcbed4a14e9a1b22a18996032215f9a934bd29d8fa8
filter_03_ground_truth_structure_quality/scripts/setup_filter3_posebusters.sh	pipeline/filter_03/legacy_v1/scripts/setup_filter3_posebusters.sh	source	true	572	8f4921b8582c5f7d2b4b395eab0df4173789765af2a4d03d655aba2f34a81386
filter_03_ground_truth_structure_quality/scripts/validate_filter3_release.py	pipeline/filter_03/legacy_v1/scripts/validate_filter3_release.py	source	true	2140	4ea829f2be92ba468c88414f3006d7fe7adb3007c03c41c220e794e1260a2158
filter_03_ground_truth_structure_quality/tests/test_filter3_pipeline.py	pipeline/filter_03/legacy_v1/tests/test_filter3_pipeline.py	source	true	429	c31d20b863cc6ea9302143a49740b8b9893c1ef5da9cc42b1c82570d876ecad8
filter_03_ground_truth_structure_quality_v2/config/filter3_v2.yaml	pipeline/filter_03/v2/config/filter3_v2.yaml	config_or_documentation	false	2056	132e35b0ce299b4f18fb5af3da2a3333cb345b42307739b9c1c103c3fe1dfa48
filter_03_ground_truth_structure_quality_v2/scripts/filter3_v2_apply_posebusters.py	pipeline/filter_03/v2/scripts/filter3_v2_apply_posebusters.py	source	false	5709	b26b1024dc419caf4adadb45940516f4d5ae9c7c58dd44961a97df01ab14c396
filter_03_ground_truth_structure_quality_v2/scripts/filter3_v2_finalize.py	pipeline/filter_03/v2/scripts/filter3_v2_finalize.py	source	false	5953	f8c4c7782b6b8146d28ca23ab53a0111187dd8125ae0434023b6a78db864426c
filter_03_ground_truth_structure_quality_v2/scripts/filter3_v2_pipeline.py	pipeline/filter_03/v2/scripts/filter3_v2_pipeline.py	source	false	28617	e0bc882961ed6f72963db5ed2e436bfb9b762f40f0e2e8ff5673417ec53c4f77
filter_03_ground_truth_structure_quality_v2/scripts/filter3_v2_posebusters.py	pipeline/filter_03/v2/scripts/filter3_v2_posebusters.py	source	false	9466	91fad77d221ee37512771cbb653c5d5e07b36791bbc719d74fde695bfaf3ec8f
filter_03_ground_truth_structure_quality_v2/scripts/run_filter3_v2_full.sh	pipeline/filter_03/v2/scripts/run_filter3_v2_full.sh	source	false	854	9d71b25037eef1c6ce8a7b63661bf7d2b037edbf18bfd3c8de8fc713fc26ff13
filter_03_ground_truth_structure_quality_v2/scripts/validate_filter3_v2_release.py	pipeline/filter_03/v2/scripts/validate_filter3_v2_release.py	source	false	4141	3aca045b3a2ef9bdc9054fb0a70c25fea37064e360f922560d48ba1de2683ca8
filter_03_ground_truth_structure_quality_v2/tests/test_filter3_v2_rules.py	pipeline/filter_03/v2/tests/test_filter3_v2_rules.py	source	false	1342	45375ffbfcac889c3c1a7aa4afa4c567e405cd87efcb7fafdcb0fa4a173d4858
filter_04_crystal_packing_influence/config/filter4_step0b.yaml	pipeline/filter_04/config/filter4_step0b.yaml	config_or_documentation	false	1033	bf331e6d3703eedd0f7a976b10a462500b438df9ce7fd6d86e6ffaae0b77c853
filter_04_crystal_packing_influence/scripts/filter4_step0b_crystal_metadata_audit.py	pipeline/filter_04/scripts/filter4_step0b_crystal_metadata_audit.py	source	false	22814	787599e10da7b2bc42269eaa35ef66c632786d0d8914d132e76c80ab36865b6e
filter_04_crystal_packing_influence/scripts/finalize_filter4_step0b_audit.py	pipeline/filter_04/scripts/finalize_filter4_step0b_audit.py	source	false	2610	f851bc61453835c37b7b52b9b9a4dceefb2948ed155ebda98fd2ffa88986417e
filter_04_crystal_packing_influence/step_01_lattice_neighbor_search/config/filter4_step1.yaml	pipeline/filter_04/step_01/config/filter4_step1.yaml	config_or_documentation	false	1860	10e80360160132f118ec872bbf6f8bda9202f389ba9661bf9d0a4be7273a7667
filter_04_crystal_packing_influence/step_01_lattice_neighbor_search/config/filter4_step1_smoke.yaml	pipeline/filter_04/step_01/config/filter4_step1_smoke.yaml	config_or_documentation	false	1850	530abbfa768e095a57d96d48c3060653d53d898d78535805636cb6214e80aa9a
filter_04_crystal_packing_influence/step_01_lattice_neighbor_search/java_src/pom.xml	pipeline/filter_04/step_01/java_src/pom.xml	config_or_documentation	false	1583	061f865558b7bb5ed11167b3b7066efdc7aa141b1ad2f9ca98218f1ffca7f0a4
filter_04_crystal_packing_influence/step_01_lattice_neighbor_search/java_src/src/main/java/org/benchmark/filter4/CrystalInstanceKey.java	pipeline/filter_04/step_01/java_src/src/main/java/org/benchmark/filter4/CrystalInstanceKey.java	source	false	322	77d601d15f69621c41040e77ec6c4de518c01b69eeccd3ce828d3ddd2d10deef
filter_04_crystal_packing_influence/step_01_lattice_neighbor_search/java_src/src/main/java/org/benchmark/filter4/CrystalNeighborHit.java	pipeline/filter_04/step_01/java_src/src/main/java/org/benchmark/filter4/CrystalNeighborHit.java	source	false	406	8a1e50f0828602a57f2c479ecc10337946da708dd23df96dcf929cf2cf7943a9
filter_04_crystal_packing_influence/step_01_lattice_neighbor_search/java_src/src/main/java/org/benchmark/filter4/CrystalObjectBoundingBox.java	pipeline/filter_04/step_01/java_src/src/main/java/org/benchmark/filter4/CrystalObjectBoundingBox.java	source	false	2733	6de8e808fdb44bf31e94af2c5d1674c6343af076487a88e1e005da9e98c633df
filter_04_crystal_packing_influence/step_01_lattice_neighbor_search/java_src/src/main/java/org/benchmark/filter4/CrystalSearchTarget.java	pipeline/filter_04/step_01/java_src/src/main/java/org/benchmark/filter4/CrystalSearchTarget.java	source	false	2537	96c2d61449915e970288a1b28b6b101458a7ff7134395915766a733f41f901d8
filter_04_crystal_packing_influence/step_01_lattice_neighbor_search/java_src/src/main/java/org/benchmark/filter4/CrystalSourceObject.java	pipeline/filter_04/step_01/java_src/src/main/java/org/benchmark/filter4/CrystalSourceObject.java	source	false	1559	6e337b8e730f5daeba157ae47783f5a57abc81f4a71392b4a4c4ee9f5598a689
filter_04_crystal_packing_influence/step_01_lattice_neighbor_search/java_src/src/main/java/org/benchmark/filter4/LigandCrystalBuilder.java	pipeline/filter_04/step_01/java_src/src/main/java/org/benchmark/filter4/LigandCrystalBuilder.java	source	false	9646	e009ee0b292ce4bb398a7d1b9b24f76963726b6a971d209c65c81c1392806703
filter_04_crystal_packing_influence/step_01_lattice_neighbor_search/java_src/src/main/java/org/benchmark/filter4/Step1Runner.java	pipeline/filter_04/step_01/java_src/src/main/java/org/benchmark/filter4/Step1Runner.java	source	false	15484	798be7352c4a0a683053200038ea2e0d62c4310432a5024117fe1160947eb910
filter_04_crystal_packing_influence/step_01_lattice_neighbor_search/scripts/filter4_step1_pipeline.py	pipeline/filter_04/step_01/scripts/filter4_step1_pipeline.py	source	false	26168	6510b7d5aaf151d2c47fa39201d8fc41760bcb56725adc5f7882cbad7ab216d7
filter_04_crystal_packing_influence/step_01_lattice_neighbor_search/scripts/run_filter4_step1_full.sh	pipeline/filter_04/step_01/scripts/run_filter4_step1_full.sh	source	false	704	38ad595f3ec037e8b106f9c5a5d5f9aab63d0390d9a3d9abfd6e695569cf5d8d
filter_04_crystal_packing_influence/step_01_lattice_neighbor_search/scripts/run_filter4_step1_pilot.sh	pipeline/filter_04/step_01/scripts/run_filter4_step1_pilot.sh	source	false	485	b907ac769fb65c91eabf920eb100a14c22d9cd1abeeb5aa28c2d107e4bea9da6
filter_04_crystal_packing_influence/step_02_biological_assembly_equivalence/config/filter4_step2_exploratory.yaml	pipeline/filter_04/step_02/config/filter4_step2_exploratory.yaml	config_or_documentation	false	1038	a9b2fdb1ef8a32b33af8b95d3a1a6ab02674b04b168c9c121a14121393fc6503
filter_04_crystal_packing_influence/step_02_biological_assembly_equivalence/config/filter4_step2_v1.yaml	pipeline/filter_04/step_02/config/filter4_step2_v1.yaml	config_or_documentation	false	1543	6524529012ea849ccb44daa7fee99acfe423ce36b3e407308f6240ed13315f4a
filter_04_crystal_packing_influence/step_02_biological_assembly_equivalence/scripts/filter4_step2_pipeline.py	pipeline/filter_04/step_02/scripts/filter4_step2_pipeline.py	source	false	40874	385a1f5e024aeb77a5374cca7cfe9414976f3a9c7fe1fff59190de661e18171e
filter_04_crystal_packing_influence/step_02_biological_assembly_equivalence/scripts/run_filter4_step2_full.sh	pipeline/filter_04/step_02/scripts/run_filter4_step2_full.sh	source	false	492	f39f006fb4cdff1a5439f1fda950c574b52c16dba1ac8708c1e10ba2da3a90c8
filter_04_crystal_packing_influence/step_03_direct_ligand_crystal_contact/config/filter4_step3_v1.yaml	pipeline/filter_04/step_03/config/filter4_step3_v1.yaml	config_or_documentation	false	1083	6bbf66158bdb27e54964109ec53dda9ea328fed0c4ce0d1caaf0026eea5bfe3e
filter_04_crystal_packing_influence/step_03_direct_ligand_crystal_contact/scripts/filter4_step3_pipeline.py	pipeline/filter_04/step_03/scripts/filter4_step3_pipeline.py	source	false	40761	35d3494514fb6cc95ad2829501ff169635c756bafe0c4b1ef34939d7808016e4
filter_04_crystal_packing_influence/step_03_direct_ligand_crystal_contact/scripts/run_filter4_step3_full.sh	pipeline/filter_04/step_03/scripts/run_filter4_step3_full.sh	source	false	486	ac32d11c44299d8f028ec360e6c44369a6c46fe9e8321aaf49e04f40515adbd1
filter_04_crystal_packing_influence/step_04_binding_residue_mediated_crystal_contact/config/filter4_step4_v1.yaml	pipeline/filter_04/step_04/config/filter4_step4_v1.yaml	config_or_documentation	false	1350	e7365ff7310d6633b82f930ed231820cec89086e6e6f9df9e60288ff40568d0f
filter_04_crystal_packing_influence/step_04_binding_residue_mediated_crystal_contact/scripts/filter4_step4_pipeline.py	pipeline/filter_04/step_04/scripts/filter4_step4_pipeline.py	source	false	55204	5a98a512cef5204ca279c6ba09483e6ec719675c25aed10b83ddd98045a670f9
filter_04_crystal_packing_influence/step_05_final_crystal_packing_decision/config/filter4_step5_v1.yaml	pipeline/filter_04/step_05/config/filter4_step5_v1.yaml	config_or_documentation	false	900	423ccba981022128d27813cdab6422326ac500049fdaf4fdeaa1c4ffa43b1711
filter_04_crystal_packing_influence/step_05_final_crystal_packing_decision/scripts/filter4_step5_release.py	pipeline/filter_04/step_05/scripts/filter4_step5_release.py	source	false	24236	c0d0ffdd285f9bbc3af98c84d7f2c823169287c302f0c6e40aa2ce7d32c09e4f
processing_1_pdb_source_audit/README.md	pipeline/processing_01/README.md	documentation	false	503	48a64c0d69bcdd2e531bb488dff58be247db53c9528ac90ff7e514dfe302240f
processing_1_pdb_source_audit/configs/pdb_archive_sources_v2.yaml	pipeline/processing_01/configs/pdb_archive_sources_v2.yaml	config_or_documentation	false	1792	7d5623874f33e94bfc376302394e5c2c052b3df02d196e143716143bd7d4ce2c
processing_1_pdb_source_audit/scripts/build_normalized_download_manifests.py	pipeline/processing_01/scripts/build_normalized_download_manifests.py	source	false	8568	5e6bc065e54cf9b23f8cab88daba24d926937bb6aefca814182439f2f2dba968
processing_1_pdb_source_audit/scripts/build_processing_1.py	pipeline/processing_01/scripts/build_processing_1.py	source	false	24451	ab1746eb055d396d69f27ba6479961b08b0bb73af4b9fe301389a5200d4ac26a
processing_1_pdb_source_audit/scripts/diagnose_rcsb_download.py	pipeline/processing_01/scripts/diagnose_rcsb_download.py	source	false	12710	ac3799caab18de602019af23701655babd3d5aa7e41ce44d292ec068561aa2ef
processing_1_pdb_source_audit/scripts/download_from_url_inventory.py	pipeline/processing_01/scripts/download_from_url_inventory.py	source	false	11179	1fe51ab431fca275908c212666b3c046d4169773bd71f44f09f984080b1962c1
processing_1_pdb_source_audit/scripts/download_pdb_archives_v2.py	pipeline/processing_01/scripts/download_pdb_archives_v2.py	source	false	15459	229fe41066b01398b5ec0f90aae137e890ca7c9c61a7fe17e8fd9c302bc0b19a
processing_1_pdb_source_audit/scripts/download_rcsb_archive.py	pipeline/processing_01/scripts/download_rcsb_archive.py	source	false	17799	43a3180d194dd8ded7da8536b5b68ab8a26e3bc8937536e86fc4bedc201b70cc
processing_1_pdb_source_audit/scripts/fix_archive_validation_bundle_summary.py	pipeline/processing_01/scripts/fix_archive_validation_bundle_summary.py	source	false	2519	1a2901a773d1211fdaeeeecbc08847778644ad478853d46111d1cd072e614fa4
processing_1_pdb_source_audit/scripts/fix_archive_validation_error_counts.py	pipeline/processing_01/scripts/fix_archive_validation_error_counts.py	source	false	904	2a08fffc9798f91a1c47c434a5664b3644bc872ca8e1a65ac5da568f4e67c0b4
processing_1_pdb_source_audit/scripts/start_full_downloads.sh	pipeline/processing_01/scripts/start_full_downloads.sh	source	false	1076	aa87dc730e84e454c2f059d389e4c845e7788b456775b408e5917fc8bcbac86c
processing_1_pdb_source_audit/scripts/start_mmcif_pdb_shards_v2.sh	pipeline/processing_01/scripts/start_mmcif_pdb_shards_v2.sh	source	false	713	b0ea9619ba7d9da856ca59815f6ae42407c8e80632b7b52d5182d26f3244f8c4
processing_1_pdb_source_audit/scripts/start_url_inventory_v3.sh	pipeline/processing_01/scripts/start_url_inventory_v3.sh	source	false	1051	bbf8f5669ae55b60bb07ecb280d7ad7911c077d0e155c5b9f85e0ba138a9a063
processing_1_pdb_source_audit/scripts/start_url_inventory_v3_restart_20260711_112900.sh	pipeline/processing_01/scripts/start_url_inventory_v3_restart_20260711_112900.sh	source	false	1471	bedd1a3d37d8bc9ecc5a5c2da4a4eb18118d6ed176c70d36a7ed8379e07159cd
processing_2_assembly_ready_structure_preparation/config/default.yaml	pipeline/processing_02/config/default.yaml	config_or_documentation	false	1606	8e1a5b61bbda38f09cc190ee175fd41d498f46d3b5576b35f738746c2b464ed4
processing_2_assembly_ready_structure_preparation/scripts/processing2_pipeline.py	pipeline/processing_02/scripts/processing2_pipeline.py	source	false	50602	482d513cdf56649771a8f0582f967f6d40addcc490da3df10efc2327924338ae
processing_2_assembly_ready_structure_preparation/tests/test_processing2.py	pipeline/processing_02/tests/test_processing2.py	source	false	584	6b89ed5382e328d2a530a7a8512c2e8b8f35cc086c635a4ce27b62d52f6fae1c
processing_03_direct_contact_qualification/config/default.yaml	pipeline/processing_03/config/default.yaml	config_or_documentation	false	1557	68d4c928013932b8212987f679e4d71a105b75f521b392f8c77a3f422388bd09
processing_03_direct_contact_qualification/plip_validation/scripts/finalize_processing3_plip.py	pipeline/processing_03/plip_validation/scripts/finalize_processing3_plip.py	source	false	4194	4b02389d4206d2f2bf7b1cc4089f6580c0f7393cb619ea4bb7384eb8aea8f22f
processing_03_direct_contact_qualification/plip_validation/scripts/monitor_finalize_processing3_plip.sh	pipeline/processing_03/plip_validation/scripts/monitor_finalize_processing3_plip.sh	source	false	1402	8da0db869d7c6ca7da3cd77dfc7a8472d00255164113886fbfb6cd9c40536c3b
processing_03_direct_contact_qualification/plip_validation/scripts/processing3_plip_runner.py	pipeline/processing_03/plip_validation/scripts/processing3_plip_runner.py	source	false	13882	d43738040befb4f38750ff8bff76271824d76296c6dcfa0ce6e4f79560c295b6
processing_03_direct_contact_qualification/scripts/processing3_pipeline.py	pipeline/processing_03/scripts/processing3_pipeline.py	source	false	40539	c267fa3ad9aa7ae53c73cf729a77d6519cee483cf53c4aca89c553accd0c0a04
processing_03_direct_contact_qualification/tests/test_processing3_semantics.py	pipeline/processing_03/tests/test_processing3_semantics.py	source	false	1869	0d60a4fbf35fcd5e2f2eed84cc3ad523f4b62473822bc3ef3413562c888dd728
processing_04_docking_ready_case_construction/README.md	pipeline/processing_04/README.md	documentation	false	1285	bae5349dc08ae5610dced7a29d79ac1180fd6ea0fea9e44a5b04379e1854e634
processing_04_docking_ready_case_construction/config/processing4_v1.json	pipeline/processing_04/config/processing4_v1.json	config_or_documentation	false	783	43691c939428c81d0b7a65bc89379f0ff184fd26b849c2fe9167e851dc71d025
processing_04_docking_ready_case_construction/schemas/case_file_contract.json	pipeline/processing_04/schemas/case_file_contract.json	config_or_documentation	false	851	95c486c8e2e504395328d4d938a5a7a98835066ac573483c3b37d7d10c896354
processing_04_docking_ready_case_construction/scripts/processing4_final_rescue_report.py	pipeline/processing_04/scripts/processing4_final_rescue_report.py	source	false	8055	f6ef5ffbfc8aba660b9c4da8d0b961d2d124a0a8157da47520cd5ef1dd4eb35a
processing_04_docking_ready_case_construction/scripts/processing4_pipeline.py	pipeline/processing_04/scripts/processing4_pipeline.py	source	false	36493	ef26d9bcf8f37882075e9c2a0bc1c396d5704baef5ec20efae5665edb04a6006
processing_04_docking_ready_case_construction/scripts/processing4_review_audit_v2.py	pipeline/processing_04/scripts/processing4_review_audit_v2.py	source	false	23555	d4f85b4234c9c77596d446d6ac4e47554501574cefebcec38b4e47447fc7fba3
processing_04_docking_ready_case_construction/scripts/processing4_review_rescue_v1.py	pipeline/processing_04/scripts/processing4_review_rescue_v1.py	source	false	25512	8ac16cea6e42d08ad42811f87eb3530f1f0f6757254483c38f2b433ac54315c8
processing_04_docking_ready_case_construction/scripts/processing4_v101_rescue.py	pipeline/processing_04/scripts/processing4_v101_rescue.py	source	false	30886	0e668d76540abcda349e27621aa0b3404e86767166db93a85afb627ba99505be
processing_04_docking_ready_case_construction/tests/test_processing4.py	pipeline/processing_04/tests/test_processing4.py	source	false	1860	e9b214656b91f56648036fc720e302f2773f6e281461fc0b1c8acd1c3c5994e2
shared/provenance/processing_1_runtime.json	pipeline/shared/provenance/processing_1_runtime.json	config_or_documentation	false	336	8b6c5362b5c6961426e6faa4f8c3d8ee30f4c8fdd2853ab6ca6497c2c2f8ba91
audits/benchmark_figure_scout/20260823_draft_01/future_docking/README.md	scripts/analysis/future_docking/README.md	config_or_documentation	false	142	0ab5608fb5ff7f4950163defca1d61b3b9477f5eefd3e5abc341fd2ee03ac37a
audits/benchmark_figure_scout/20260823_draft_01/future_docking/analyze_future_docking.py	scripts/analysis/future_docking/analyze_future_docking.py	source	false	228	e6aeffb3b1cdc2a9dd0466ce7a927658e10c5e79a2e0f366c614dae5f86f75b6
reconciliation/filter3_filter4_filter5_p4_20260822/FINAL_LINEAGE_RECONCILIATION_REPORT.md	scripts/audit/filter3_filter4_filter5_p4_reconciliation/FINAL_LINEAGE_RECONCILIATION_REPORT.md	config_or_documentation	false	3608	6c533f678119a34461cd665b65ac1fa147bedca39176aaa8212a3e9a795e8326
reconciliation/filter3_filter4_filter5_p4_20260822/FORMAL_POSEBUSTERS_POLICY_DECISION_20260822.json	scripts/audit/filter3_filter4_filter5_p4_reconciliation/FORMAL_POSEBUSTERS_POLICY_DECISION_20260822.json	config_or_documentation	false	1341	bc61b507ded9d31e07682b2116a5cf53373dbca5aed0710598a388bd488b899e
reconciliation/filter3_filter4_filter5_p4_20260822/finalize_lineage_reconciliation.py	scripts/audit/filter3_filter4_filter5_p4_reconciliation/finalize_lineage_reconciliation.py	source	false	9091	d5e251a5b6499cd424858ddfcdfeaa27838b76014dc899c6ecf2c0c4c8386e36
reconciliation/filter3_filter4_filter5_p4_20260822/lineage_reconciliation_audit.py	scripts/audit/filter3_filter4_filter5_p4_reconciliation/lineage_reconciliation_audit.py	source	false	13302	c31a598853198ae6eb50237862d4664d225188ac6b57dee8a629a8ee942324ba
reconciliation/filter3_filter4_filter5_p4_20260822/lineage_summary.json	scripts/audit/filter3_filter4_filter5_p4_reconciliation/lineage_summary.json	config_or_documentation	false	6665	9ee4120c9f339806ba7a4d787420e2a802238e3ad94feb07bd38dfe260f4119b
reconciliation/filter3_filter4_filter5_p4_20260822/reconciliation_validation.json	scripts/audit/filter3_filter4_filter5_p4_reconciliation/reconciliation_validation.json	config_or_documentation	false	1712	e00dae778f3d2fff61389ee4eb99311d70065b5de87d7fd91637dc93df7a67ec
audits/ligand_minimum_pose_complexity_census/scripts/ligand_minimum_pose_complexity_census.py	scripts/audit/ligand_minimum_pose_complexity_census/ligand_minimum_pose_complexity_census.py	source	false	38312	0faf78990c603ccb2e550703ab50a433350c3e5c67c3434337bf90c13980ec3c
auxiliary_entry_work_packages/scripts/build_entry_work_packages.py	scripts/data_engineering/entry_work_packages/build_entry_work_packages.py	source	false	51219	45ea89e2a493d2af804d6e2b5dd8da857148fc1050986e7af02b9e835033dedc
auxiliary_entry_work_packages/scripts/load_entry_work_package.py	scripts/data_engineering/entry_work_packages/load_entry_work_package.py	source	false	2982	9565038352fe8de7128b5298f56d2cab0b1844be626c4d6eaf8d3be0bbdac3ce
audits/benchmark_figure_scout/20260823_draft_01/scripts/build_benchmark_figure_scout.py	scripts/figures/benchmark_figure_scout/build_benchmark_figure_scout.py	source	false	71414	464755b9a248ba558bc365e92eccda02480c9aabd31422bf285ca9090006e8b6
audits/benchmark_figure_scout/20260823_draft_01/scripts/finalize_figure_scout.py	scripts/figures/benchmark_figure_scout/finalize_figure_scout.py	source	false	11860	b3fc303a39f2fe5ea883e767dd8a23645912446221a46b3c5c40215f21414608
audits/benchmark_figure_scout/20260823_draft_01/scripts/repair_figure_scout_layouts.py	scripts/figures/benchmark_figure_scout/repair_figure_scout_layouts.py	source	false	11164	a121af3220b8a03986ff830f1a2cdd43f74ab798b32866a5cb04a0ba2e1bfcbd
