pair_id	pdb_id	assembly_id	source_ligand_instance_id	observed_heavy_atom_count	biolip_list_match	resolved_ccd_id	ccd_name	ccd_type	formula	formal_charge	previous_terminal_route	previous_reason_code	terminal_route	reason_code	overlap_class	q_match_level	q_relevance_class	dual_source_status	dual_source_pass	is_suspicious
P3|2fr6|1|1|2fr6|1|6|J|1006|False|NH3|assembly_gen_row_000001|1	2fr6	1	2fr6|1|6|J|1006|False|NH3	1	False	NH3	AMMONIA	NON-POLYMER	"""H3 N"""	0	inorganic_review	noncarbon_complex_or_boundary_inorganic	provisional_source_ligand	accepted_multiatom_nonmetal_not_high_frequency_biolip				NOT_SUSPICIOUS_BYPASS	True	False
P3|2fr6|2|1|2fr6|1|6|J|1006|False|NH3|assembly_gen_row_000002|1	2fr6	2	2fr6|1|6|J|1006|False|NH3	1	False	NH3	AMMONIA	NON-POLYMER	"""H3 N"""	0	inorganic_review	noncarbon_complex_or_boundary_inorganic	provisional_source_ligand	accepted_multiatom_nonmetal_not_high_frequency_biolip				NOT_SUSPICIOUS_BYPASS	True	False
P3|2fr6|2|1|2fr6|1|6|J|1006|False|NH3|assembly_gen_row_000002|2	2fr6	2	2fr6|1|6|J|1006|False|NH3	1	False	NH3	AMMONIA	NON-POLYMER	"""H3 N"""	0	inorganic_review	noncarbon_complex_or_boundary_inorganic	provisional_source_ligand	accepted_multiatom_nonmetal_not_high_frequency_biolip				NOT_SUSPICIOUS_BYPASS	True	False
P3|2fr6|3|1|2fr6|1|6|J|1006|False|NH3|assembly_gen_row_000003|1	2fr6	3	2fr6|1|6|J|1006|False|NH3	1	False	NH3	AMMONIA	NON-POLYMER	"""H3 N"""	0	inorganic_review	noncarbon_complex_or_boundary_inorganic	provisional_source_ligand	accepted_multiatom_nonmetal_not_high_frequency_biolip				NOT_SUSPICIOUS_BYPASS	True	False
P3|2fr6|3|1|2fr6|1|6|J|1006|False|NH3|assembly_gen_row_000003|2	2fr6	3	2fr6|1|6|J|1006|False|NH3	1	False	NH3	AMMONIA	NON-POLYMER	"""H3 N"""	0	inorganic_review	noncarbon_complex_or_boundary_inorganic	provisional_source_ligand	accepted_multiatom_nonmetal_not_high_frequency_biolip				NOT_SUSPICIOUS_BYPASS	True	False
P3|3rgs|1|1|3rgs|1|3|H|502|False|NH3|assembly_gen_row_000001|1	3rgs	1	3rgs|1|3|H|502|False|NH3	1	False	NH3	AMMONIA	NON-POLYMER	"""H3 N"""	0	inorganic_review	noncarbon_complex_or_boundary_inorganic	provisional_source_ligand	accepted_multiatom_nonmetal_not_high_frequency_biolip				NOT_SUSPICIOUS_BYPASS	True	False
P3|5k77|2|1|5k77|1|7|DA|3|False|OH|assembly_gen_row_000002|1	5k77	2	5k77|1|7|DA|3|False|OH	1	True	OH	"""HYDROXIDE ION"""	NON-POLYMER	"""H O"""	-1	inorganic_review	noncarbon_complex_or_boundary_inorganic	provisional_source_ligand	accepted_multiatom_nonmetal_not_high_frequency_biolip	EXACT	EXACT_ASSEMBLY_CCD_CHAIN	RELEVANT	LIGAND_RELEVANCE_CONFIRMED	True	True
P3|5msy|1|1|5msy|1|3|F|1|False|NH3|assembly_gen_row_000001|1	5msy	1	5msy|1|3|F|1|False|NH3	1	False	NH3	AMMONIA	NON-POLYMER	"""H3 N"""	0	inorganic_review	noncarbon_complex_or_boundary_inorganic	provisional_source_ligand	accepted_multiatom_nonmetal_not_high_frequency_biolip				NOT_SUSPICIOUS_BYPASS	True	False
P3|5msy|1|1|5msy|1|3|G|11|False|NH3|assembly_gen_row_000001|1	5msy	1	5msy|1|3|G|11|False|NH3	1	False	NH3	AMMONIA	NON-POLYMER	"""H3 N"""	0	inorganic_review	noncarbon_complex_or_boundary_inorganic	provisional_source_ligand	accepted_multiatom_nonmetal_not_high_frequency_biolip				NOT_SUSPICIOUS_BYPASS	True	False
P3|5msy|1|1|5msy|1|3|H|12|False|NH3|assembly_gen_row_000001|1	5msy	1	5msy|1|3|H|12|False|NH3	1	False	NH3	AMMONIA	NON-POLYMER	"""H3 N"""	0	inorganic_review	noncarbon_complex_or_boundary_inorganic	provisional_source_ligand	accepted_multiatom_nonmetal_not_high_frequency_biolip				NOT_SUSPICIOUS_BYPASS	True	False
P3|5msy|1|1|5msy|1|3|I|13|False|NH3|assembly_gen_row_000001|1	5msy	1	5msy|1|3|I|13|False|NH3	1	False	NH3	AMMONIA	NON-POLYMER	"""H3 N"""	0	inorganic_review	noncarbon_complex_or_boundary_inorganic	provisional_source_ligand	accepted_multiatom_nonmetal_not_high_frequency_biolip				NOT_SUSPICIOUS_BYPASS	True	False
P3|5msy|1|1|5msy|1|3|J|14|False|NH3|assembly_gen_row_000001|1	5msy	1	5msy|1|3|J|14|False|NH3	1	False	NH3	AMMONIA	NON-POLYMER	"""H3 N"""	0	inorganic_review	noncarbon_complex_or_boundary_inorganic	provisional_source_ligand	accepted_multiatom_nonmetal_not_high_frequency_biolip				NOT_SUSPICIOUS_BYPASS	True	False
P3|5msy|1|1|5msy|1|3|K|15|False|NH3|assembly_gen_row_000001|1	5msy	1	5msy|1|3|K|15|False|NH3	1	False	NH3	AMMONIA	NON-POLYMER	"""H3 N"""	0	inorganic_review	noncarbon_complex_or_boundary_inorganic	provisional_source_ligand	accepted_multiatom_nonmetal_not_high_frequency_biolip				NOT_SUSPICIOUS_BYPASS	True	False
P3|5msy|1|1|5msy|1|3|M|19|False|NH3|assembly_gen_row_000001|1	5msy	1	5msy|1|3|M|19|False|NH3	1	False	NH3	AMMONIA	NON-POLYMER	"""H3 N"""	0	inorganic_review	noncarbon_complex_or_boundary_inorganic	provisional_source_ligand	accepted_multiatom_nonmetal_not_high_frequency_biolip				NOT_SUSPICIOUS_BYPASS	True	False
P3|5msy|2|1|5msy|1|3|O|3|False|NH3|assembly_gen_row_000002|1	5msy	2	5msy|1|3|O|3|False|NH3	1	False	NH3	AMMONIA	NON-POLYMER	"""H3 N"""	0	inorganic_review	noncarbon_complex_or_boundary_inorganic	provisional_source_ligand	accepted_multiatom_nonmetal_not_high_frequency_biolip				NOT_SUSPICIOUS_BYPASS	True	False
P3|5msy|2|1|5msy|1|3|Q|5|False|NH3|assembly_gen_row_000002|1	5msy	2	5msy|1|3|Q|5|False|NH3	1	False	NH3	AMMONIA	NON-POLYMER	"""H3 N"""	0	inorganic_review	noncarbon_complex_or_boundary_inorganic	provisional_source_ligand	accepted_multiatom_nonmetal_not_high_frequency_biolip				NOT_SUSPICIOUS_BYPASS	True	False
P3|5msy|2|1|5msy|1|3|R|6|False|NH3|assembly_gen_row_000002|1	5msy	2	5msy|1|3|R|6|False|NH3	1	False	NH3	AMMONIA	NON-POLYMER	"""H3 N"""	0	inorganic_review	noncarbon_complex_or_boundary_inorganic	provisional_source_ligand	accepted_multiatom_nonmetal_not_high_frequency_biolip				NOT_SUSPICIOUS_BYPASS	True	False
P3|5msy|2|1|5msy|1|3|S|7|False|NH3|assembly_gen_row_000002|1	5msy	2	5msy|1|3|S|7|False|NH3	1	False	NH3	AMMONIA	NON-POLYMER	"""H3 N"""	0	inorganic_review	noncarbon_complex_or_boundary_inorganic	provisional_source_ligand	accepted_multiatom_nonmetal_not_high_frequency_biolip				NOT_SUSPICIOUS_BYPASS	True	False
P3|5msy|2|1|5msy|1|3|T|8|False|NH3|assembly_gen_row_000002|1	5msy	2	5msy|1|3|T|8|False|NH3	1	False	NH3	AMMONIA	NON-POLYMER	"""H3 N"""	0	inorganic_review	noncarbon_complex_or_boundary_inorganic	provisional_source_ligand	accepted_multiatom_nonmetal_not_high_frequency_biolip				NOT_SUSPICIOUS_BYPASS	True	False
P3|5msy|2|1|5msy|1|3|U|9|False|NH3|assembly_gen_row_000002|1	5msy	2	5msy|1|3|U|9|False|NH3	1	False	NH3	AMMONIA	NON-POLYMER	"""H3 N"""	0	inorganic_review	noncarbon_complex_or_boundary_inorganic	provisional_source_ligand	accepted_multiatom_nonmetal_not_high_frequency_biolip				NOT_SUSPICIOUS_BYPASS	True	False
P3|5msy|2|1|5msy|1|3|V|10|False|NH3|assembly_gen_row_000002|1	5msy	2	5msy|1|3|V|10|False|NH3	1	False	NH3	AMMONIA	NON-POLYMER	"""H3 N"""	0	inorganic_review	noncarbon_complex_or_boundary_inorganic	provisional_source_ligand	accepted_multiatom_nonmetal_not_high_frequency_biolip				NOT_SUSPICIOUS_BYPASS	True	False
P3|5msy|2|1|5msy|1|3|W|20|False|NH3|assembly_gen_row_000002|1	5msy	2	5msy|1|3|W|20|False|NH3	1	False	NH3	AMMONIA	NON-POLYMER	"""H3 N"""	0	inorganic_review	noncarbon_complex_or_boundary_inorganic	provisional_source_ligand	accepted_multiatom_nonmetal_not_high_frequency_biolip				NOT_SUSPICIOUS_BYPASS	True	False
P3|5msy|3|1|5msy|1|3|AA|16|False|NH3|assembly_gen_row_000003|1	5msy	3	5msy|1|3|AA|16|False|NH3	1	False	NH3	AMMONIA	NON-POLYMER	"""H3 N"""	0	inorganic_review	noncarbon_complex_or_boundary_inorganic	provisional_source_ligand	accepted_multiatom_nonmetal_not_high_frequency_biolip				NOT_SUSPICIOUS_BYPASS	True	False
P3|5msy|3|1|5msy|1|3|BA|17|False|NH3|assembly_gen_row_000003|1	5msy	3	5msy|1|3|BA|17|False|NH3	1	False	NH3	AMMONIA	NON-POLYMER	"""H3 N"""	0	inorganic_review	noncarbon_complex_or_boundary_inorganic	provisional_source_ligand	accepted_multiatom_nonmetal_not_high_frequency_biolip				NOT_SUSPICIOUS_BYPASS	True	False
P3|5msy|3|1|5msy|1|3|Z|2|False|NH3|assembly_gen_row_000003|1	5msy	3	5msy|1|3|Z|2|False|NH3	1	False	NH3	AMMONIA	NON-POLYMER	"""H3 N"""	0	inorganic_review	noncarbon_complex_or_boundary_inorganic	provisional_source_ligand	accepted_multiatom_nonmetal_not_high_frequency_biolip				NOT_SUSPICIOUS_BYPASS	True	False
P3|8iq1|1|1|8iq1|1|5|N|5|False|H2S|assembly_gen_row_000001|1	8iq1	1	8iq1|1|5|N|5|False|H2S	1	True	H2S	"""HYDROSULFURIC ACID"""	NON-POLYMER	"""H2 S"""	0	inorganic_review	noncarbon_complex_or_boundary_inorganic	provisional_source_ligand	accepted_multiatom_nonmetal_not_high_frequency_biolip	EXACT	EXACT_ASSEMBLY_CCD_CHAIN	RELEVANT	LIGAND_RELEVANCE_CONFIRMED	True	True
P3|8iq1|3|1|8iq1|1|5|HA|7|False|H2S|assembly_gen_row_000003|1	8iq1	3	8iq1|1|5|HA|7|False|H2S	1	True	H2S	"""HYDROSULFURIC ACID"""	NON-POLYMER	"""H2 S"""	0	inorganic_review	noncarbon_complex_or_boundary_inorganic	provisional_source_ligand	accepted_multiatom_nonmetal_not_high_frequency_biolip	EXACT	EXACT_ASSEMBLY_CCD_CHAIN	RELEVANT	LIGAND_RELEVANCE_CONFIRMED	True	True
P3|8pvm|1|1|8pvm|1|5|X|611|False|74C|assembly_gen_row_000001|1	8pvm	1	8pvm|1|5|X|611|False|74C	1	False	74C	"""methyl radical"""	NON-POLYMER	"""C H3"""	0	provisional_source_ligand	independent_nonpolymer_passed_source_scope_rules	provisional_source_ligand	accepted_multiatom_nonmetal_not_high_frequency_biolip				NOT_SUSPICIOUS_BYPASS	True	False
